content,time
وزير الكهرباء يخفض تكلفة إيصال التيار الكهربائي على المواطن بنسبة 50 بالمئة,8 ساعات ‎مضي
“يا مرحبا”.. عروض وخدمات جديدة تقدمها الشركة السورية للنقل لزوار معرض دمشق الدولي,10 ساعات ‎مضي
إنخفاض قريب في أسعار السكر,10 ساعات ‎مضي
بعد سنوات من الانقطاع..متحف دمشق الوطني يعيد فتح أبوابه أمام الزوار,10 ساعات ‎مضي
التجارة الداخلية تبدي استعدادها لدعم الباحثين والمخترعين,11 ساعة ‎مضي
خريجي كلية الحقوق يشتكون من رسوم النقابة..ونقيب المحامي: رسومنا الأرخص في الوطن العربي,11 ساعة ‎مضي
تخصيص 6 مراكز للتسجيل على المازوت في دمشق..تعرف عليها,11 ساعة ‎مضي
بعد الأعطال الكثيرة..وزارة الكهرباء توضح طريقة تزويد الأبنية الحديثة بالطاقة الكهربائية,11 ساعة ‎مضي
36مشاركة  خارجية في معرض دمشق الدولي بينها سفارات لـ21 دولة,يوم واحد ‎مضي
قريباً..بطــاقــة ذكيــة شــاملـــة للحصول على المشتقات النفطية,يوم واحد ‎مضي
عاجل | مرسوم رئاسي يقضي بإعفاء المكلفين بضريبة دخل الأرباح ورسم الإنفاق الاستهلاكي من الفوائد والغرامات,no result
مرسوم رئاسي يقضي باتاحة أخوة الشهداء بالتقدم للمسابقات,no result
انفجار سيارة مفخخة على الطريق المؤدي لمنطقة السيدة زينب دون تسجيل أي اصابات ما أدى عن تصاعد كثيف للدخان وقطع الطريق مؤقتا للمنطقة,no result
الاتصالات تعدل أُجرة تصريح الأجهزة الخليوية الى 15 ألف ليرة سورية,no result
,no result
الأربعاء..درجات الحرارة تنخفض تدريجياً والأجواء حارة نسبياً,no result
,no result
تعرف على أكثر الهواتف الذكية توفيرا للتحديثات الأمنية المهمة,no result
,no result
توقعات الابراج ليوم الاحد 30/7/2017,no result
,no result
توقعات الابراج ليوم الخميس 27/7/2017,no result
,no result
قصة بطل سوري..حمل باص نقل داخلي ويتحدى أي شخص بأن يدفعه من أعلى مكان في دمشق,no result
